filename,label
4_1_nocorners.png,4
5_0_nocorners.png,5
5_1_nocorners.png,5
6_0_nocorners.png,6
6_1_nocorners.png,6
7_0_nocorners.png,7
7_1_nocorners.png,7
8_0_nocorners.png,8
8_1_nocorners.png,8
3_2_nocorners.png,3
3_3_nocorners.png,3
3_4_nocorners.png,3
3_5_nocorners.png,3
3_6_nocorners.png,3
3_7_nocorners.png,3
3_8_nocorners.png,3
3_9_nocorners.png,3
3_10_nocorners.png,3
3_11_nocorners.png,3
3_12_nocorners.png,3
3_13_nocorners.png,3
3_14_nocorners.png,3
3_15_nocorners.png,3
3_16_nocorners.png,3
3_17_nocorners.png,3
3_18_nocorners.png,3
3_19_nocorners.png,3
3_20_nocorners.png,3
3_21_nocorners.png,3
3_22_nocorners.png,3
3_23_nocorners.png,3
3_24_nocorners.png,3
3_25_nocorners.png,3
3_26_nocorners.png,3
3_27_nocorners.png,3
3_28_nocorners.png,3
3_29_nocorners.png,3
3_30_nocorners.png,3
3_31_nocorners.png,3
3_32_nocorners.png,3
3_33_nocorners.png,3
3_34_nocorners.png,3
3_35_nocorners.png,3
3_36_nocorners.png,3
3_37_nocorners.png,3
3_38_nocorners.png,3
3_39_nocorners.png,3
3_40_nocorners.png,3
3_41_nocorners.png,3
3_42_nocorners.png,3
3_43_nocorners.png,3
3_44_nocorners.png,3
3_45_nocorners.png,3
3_46_nocorners.png,3
3_47_nocorners.png,3
3_48_nocorners.png,3
3_49_nocorners.png,3
3_50_nocorners.png,3
3_51_nocorners.png,3
3_52_nocorners.png,3
3_53_nocorners.png,3
3_54_nocorners.png,3
3_55_nocorners.png,3
3_56_nocorners.png,3
3_57_nocorners.png,3
3_58_nocorners.png,3
3_59_nocorners.png,3
3_60_nocorners.png,3
3_61_nocorners.png,3
3_62_nocorners.png,3
3_63_nocorners.png,3
3_64_nocorners.png,3
3_65_nocorners.png,3
3_66_nocorners.png,3
3_67_nocorners.png,3
3_68_nocorners.png,3
3_69_nocorners.png,3
3_70_nocorners.png,3
3_71_nocorners.png,3
3_72_nocorners.png,3
3_73_nocorners.png,3
3_74_nocorners.png,3
3_75_nocorners.png,3
3_76_nocorners.png,3
3_77_nocorners.png,3
3_78_nocorners.png,3
3_79_nocorners.png,3
3_80_nocorners.png,3
3_81_nocorners.png,3
3_82_nocorners.png,3
3_83_nocorners.png,3
3_84_nocorners.png,3
3_85_nocorners.png,3
3_86_nocorners.png,3
3_87_nocorners.png,3
3_88_nocorners.png,3
3_89_nocorners.png,3
3_90_nocorners.png,3
3_91_nocorners.png,3
3_92_nocorners.png,3
3_93_nocorners.png,3
3_94_nocorners.png,3
3_95_nocorners.png,3
3_96_nocorners.png,3
3_97_nocorners.png,3
3_98_nocorners.png,3
3_99_nocorners.png,3
4_2_nocorners.png,4
4_3_nocorners.png,4
4_4_nocorners.png,4
4_5_nocorners.png,4
4_6_nocorners.png,4
4_7_nocorners.png,4
4_8_nocorners.png,4
4_9_nocorners.png,4
4_10_nocorners.png,4
4_11_nocorners.png,4
4_12_nocorners.png,4
4_13_nocorners.png,4
4_14_nocorners.png,4
4_15_nocorners.png,4
4_16_nocorners.png,4
4_17_nocorners.png,4
4_18_nocorners.png,4
4_19_nocorners.png,4
4_20_nocorners.png,4
4_21_nocorners.png,4
4_22_nocorners.png,4
4_23_nocorners.png,4
4_24_nocorners.png,4
4_25_nocorners.png,4
4_26_nocorners.png,4
4_27_nocorners.png,4
4_28_nocorners.png,4
4_29_nocorners.png,4
4_30_nocorners.png,4
4_31_nocorners.png,4
4_32_nocorners.png,4
4_33_nocorners.png,4
4_34_nocorners.png,4
4_35_nocorners.png,4
4_36_nocorners.png,4
4_37_nocorners.png,4
4_38_nocorners.png,4
4_39_nocorners.png,4
4_40_nocorners.png,4
4_41_nocorners.png,4
4_42_nocorners.png,4
4_43_nocorners.png,4
4_44_nocorners.png,4
4_45_nocorners.png,4
4_46_nocorners.png,4
4_47_nocorners.png,4
4_48_nocorners.png,4
4_49_nocorners.png,4
4_50_nocorners.png,4
4_51_nocorners.png,4
4_52_nocorners.png,4
4_53_nocorners.png,4
4_54_nocorners.png,4
4_55_nocorners.png,4
4_56_nocorners.png,4
4_57_nocorners.png,4
4_58_nocorners.png,4
4_59_nocorners.png,4
4_60_nocorners.png,4
4_61_nocorners.png,4
4_62_nocorners.png,4
4_63_nocorners.png,4
4_64_nocorners.png,4
4_65_nocorners.png,4
4_66_nocorners.png,4
4_67_nocorners.png,4
4_68_nocorners.png,4
4_69_nocorners.png,4
4_70_nocorners.png,4
4_71_nocorners.png,4
4_72_nocorners.png,4
4_73_nocorners.png,4
4_74_nocorners.png,4
4_75_nocorners.png,4
4_76_nocorners.png,4
4_77_nocorners.png,4
4_78_nocorners.png,4
4_79_nocorners.png,4
4_80_nocorners.png,4
4_81_nocorners.png,4
4_82_nocorners.png,4
4_83_nocorners.png,4
4_84_nocorners.png,4
4_85_nocorners.png,4
4_86_nocorners.png,4
4_87_nocorners.png,4
4_88_nocorners.png,4
4_89_nocorners.png,4
4_90_nocorners.png,4
4_91_nocorners.png,4
4_92_nocorners.png,4
4_93_nocorners.png,4
4_94_nocorners.png,4
4_95_nocorners.png,4
4_96_nocorners.png,4
4_97_nocorners.png,4
4_98_nocorners.png,4
4_99_nocorners.png,4
5_2_nocorners.png,5
5_3_nocorners.png,5
5_4_nocorners.png,5
5_5_nocorners.png,5
5_6_nocorners.png,5
5_7_nocorners.png,5
5_8_nocorners.png,5
5_9_nocorners.png,5
5_10_nocorners.png,5
5_11_nocorners.png,5
5_12_nocorners.png,5
5_13_nocorners.png,5
5_14_nocorners.png,5
5_15_nocorners.png,5
5_16_nocorners.png,5
5_17_nocorners.png,5
5_18_nocorners.png,5
5_19_nocorners.png,5
5_20_nocorners.png,5
5_21_nocorners.png,5
5_22_nocorners.png,5
5_23_nocorners.png,5
5_24_nocorners.png,5
5_25_nocorners.png,5
5_26_nocorners.png,5
5_27_nocorners.png,5
5_28_nocorners.png,5
5_29_nocorners.png,5
5_30_nocorners.png,5
5_31_nocorners.png,5
5_32_nocorners.png,5
5_33_nocorners.png,5
5_34_nocorners.png,5
5_35_nocorners.png,5
5_36_nocorners.png,5
5_37_nocorners.png,5
5_38_nocorners.png,5
5_39_nocorners.png,5
5_40_nocorners.png,5
5_41_nocorners.png,5
5_42_nocorners.png,5
5_43_nocorners.png,5
5_44_nocorners.png,5
5_45_nocorners.png,5
5_46_nocorners.png,5
5_47_nocorners.png,5
5_48_nocorners.png,5
5_49_nocorners.png,5
5_50_nocorners.png,5
5_51_nocorners.png,5
5_52_nocorners.png,5
5_53_nocorners.png,5
5_54_nocorners.png,5
5_55_nocorners.png,5
5_56_nocorners.png,5
5_57_nocorners.png,5
5_58_nocorners.png,5
5_59_nocorners.png,5
5_60_nocorners.png,5
5_61_nocorners.png,5
5_62_nocorners.png,5
5_63_nocorners.png,5
5_64_nocorners.png,5
5_65_nocorners.png,5
5_66_nocorners.png,5
5_67_nocorners.png,5
5_68_nocorners.png,5
5_69_nocorners.png,5
5_70_nocorners.png,5
5_71_nocorners.png,5
5_72_nocorners.png,5
5_73_nocorners.png,5
5_74_nocorners.png,5
5_75_nocorners.png,5
5_76_nocorners.png,5
5_77_nocorners.png,5
5_78_nocorners.png,5
5_79_nocorners.png,5
5_80_nocorners.png,5
5_81_nocorners.png,5
5_82_nocorners.png,5
5_83_nocorners.png,5
5_84_nocorners.png,5
5_85_nocorners.png,5
5_86_nocorners.png,5
5_87_nocorners.png,5
5_88_nocorners.png,5
5_89_nocorners.png,5
5_90_nocorners.png,5
5_91_nocorners.png,5
5_92_nocorners.png,5
5_93_nocorners.png,5
5_94_nocorners.png,5
5_95_nocorners.png,5
5_96_nocorners.png,5
5_97_nocorners.png,5
5_98_nocorners.png,5
5_99_nocorners.png,5
6_2_nocorners.png,6
6_3_nocorners.png,6
6_4_nocorners.png,6
6_5_nocorners.png,6
6_6_nocorners.png,6
6_7_nocorners.png,6
6_8_nocorners.png,6
6_9_nocorners.png,6
6_10_nocorners.png,6
6_11_nocorners.png,6
6_12_nocorners.png,6
6_13_nocorners.png,6
6_14_nocorners.png,6
6_15_nocorners.png,6
6_16_nocorners.png,6
6_17_nocorners.png,6
6_18_nocorners.png,6
6_19_nocorners.png,6
6_20_nocorners.png,6
6_21_nocorners.png,6
6_22_nocorners.png,6
6_23_nocorners.png,6
6_24_nocorners.png,6
6_25_nocorners.png,6
6_26_nocorners.png,6
6_27_nocorners.png,6
6_28_nocorners.png,6
6_29_nocorners.png,6
6_30_nocorners.png,6
6_31_nocorners.png,6
6_32_nocorners.png,6
6_33_nocorners.png,6
6_34_nocorners.png,6
6_35_nocorners.png,6
6_36_nocorners.png,6
6_37_nocorners.png,6
6_38_nocorners.png,6
6_39_nocorners.png,6
6_40_nocorners.png,6
6_41_nocorners.png,6
6_42_nocorners.png,6
6_43_nocorners.png,6
3_0_nocorners.png,3
3_1_nocorners.png,3
4_0_nocorners.png,4
6_44_nocorners.png,6
6_45_nocorners.png,6
6_46_nocorners.png,6
6_47_nocorners.png,6
6_48_nocorners.png,6
6_49_nocorners.png,6
6_50_nocorners.png,6
6_51_nocorners.png,6
6_52_nocorners.png,6
6_53_nocorners.png,6
6_54_nocorners.png,6
6_55_nocorners.png,6
6_56_nocorners.png,6
6_57_nocorners.png,6
6_58_nocorners.png,6
6_59_nocorners.png,6
6_60_nocorners.png,6
6_61_nocorners.png,6
6_62_nocorners.png,6
6_63_nocorners.png,6
6_64_nocorners.png,6
6_65_nocorners.png,6
6_66_nocorners.png,6
6_67_nocorners.png,6
6_68_nocorners.png,6
6_69_nocorners.png,6
6_70_nocorners.png,6
6_71_nocorners.png,6
6_72_nocorners.png,6
6_73_nocorners.png,6
6_74_nocorners.png,6
6_75_nocorners.png,6
6_76_nocorners.png,6
6_77_nocorners.png,6
6_78_nocorners.png,6
6_79_nocorners.png,6
6_80_nocorners.png,6
6_81_nocorners.png,6
6_82_nocorners.png,6
6_83_nocorners.png,6
6_84_nocorners.png,6
6_85_nocorners.png,6
6_86_nocorners.png,6
6_87_nocorners.png,6
6_88_nocorners.png,6
6_89_nocorners.png,6
6_90_nocorners.png,6
6_91_nocorners.png,6
6_92_nocorners.png,6
6_93_nocorners.png,6
6_94_nocorners.png,6
6_95_nocorners.png,6
6_96_nocorners.png,6
6_97_nocorners.png,6
6_98_nocorners.png,6
6_99_nocorners.png,6
7_2_nocorners.png,7
7_3_nocorners.png,7
7_4_nocorners.png,7
7_5_nocorners.png,7
7_6_nocorners.png,7
7_7_nocorners.png,7
7_8_nocorners.png,7
7_9_nocorners.png,7
7_10_nocorners.png,7
7_11_nocorners.png,7
7_12_nocorners.png,7
7_13_nocorners.png,7
7_14_nocorners.png,7
7_15_nocorners.png,7
7_16_nocorners.png,7
7_17_nocorners.png,7
7_18_nocorners.png,7
7_19_nocorners.png,7
7_20_nocorners.png,7
7_21_nocorners.png,7
7_22_nocorners.png,7
7_23_nocorners.png,7
7_24_nocorners.png,7
7_25_nocorners.png,7
7_26_nocorners.png,7
7_27_nocorners.png,7
7_28_nocorners.png,7
7_29_nocorners.png,7
7_30_nocorners.png,7
7_31_nocorners.png,7
7_32_nocorners.png,7
7_33_nocorners.png,7
7_34_nocorners.png,7
7_35_nocorners.png,7
7_36_nocorners.png,7
7_37_nocorners.png,7
7_38_nocorners.png,7
7_39_nocorners.png,7
7_40_nocorners.png,7
7_41_nocorners.png,7
7_42_nocorners.png,7
7_43_nocorners.png,7
7_44_nocorners.png,7
7_45_nocorners.png,7
7_46_nocorners.png,7
7_47_nocorners.png,7
7_48_nocorners.png,7
7_49_nocorners.png,7
7_50_nocorners.png,7
7_51_nocorners.png,7
7_52_nocorners.png,7
7_53_nocorners.png,7
7_54_nocorners.png,7
7_55_nocorners.png,7
7_56_nocorners.png,7
7_57_nocorners.png,7
7_58_nocorners.png,7
7_59_nocorners.png,7
7_60_nocorners.png,7
7_61_nocorners.png,7
7_62_nocorners.png,7
7_63_nocorners.png,7
7_64_nocorners.png,7
7_65_nocorners.png,7
7_66_nocorners.png,7
7_67_nocorners.png,7
7_68_nocorners.png,7
7_69_nocorners.png,7
7_70_nocorners.png,7
7_71_nocorners.png,7
7_72_nocorners.png,7
7_73_nocorners.png,7
7_74_nocorners.png,7
7_75_nocorners.png,7
7_76_nocorners.png,7
7_77_nocorners.png,7
7_78_nocorners.png,7
7_79_nocorners.png,7
7_80_nocorners.png,7
7_81_nocorners.png,7
7_82_nocorners.png,7
7_83_nocorners.png,7
7_84_nocorners.png,7
7_85_nocorners.png,7
7_86_nocorners.png,7
7_87_nocorners.png,7
7_88_nocorners.png,7
7_89_nocorners.png,7
7_90_nocorners.png,7
7_91_nocorners.png,7
7_92_nocorners.png,7
7_93_nocorners.png,7
7_94_nocorners.png,7
7_95_nocorners.png,7
7_96_nocorners.png,7
7_97_nocorners.png,7
7_98_nocorners.png,7
7_99_nocorners.png,7
8_2_nocorners.png,8
8_3_nocorners.png,8
8_4_nocorners.png,8
8_5_nocorners.png,8
8_6_nocorners.png,8
8_7_nocorners.png,8
8_8_nocorners.png,8
8_9_nocorners.png,8
8_10_nocorners.png,8
8_11_nocorners.png,8
8_12_nocorners.png,8
8_13_nocorners.png,8
8_14_nocorners.png,8
8_15_nocorners.png,8
8_16_nocorners.png,8
8_17_nocorners.png,8
8_18_nocorners.png,8
8_19_nocorners.png,8
8_20_nocorners.png,8
8_21_nocorners.png,8
8_22_nocorners.png,8
8_23_nocorners.png,8
8_24_nocorners.png,8
8_25_nocorners.png,8
8_26_nocorners.png,8
8_27_nocorners.png,8
8_28_nocorners.png,8
8_29_nocorners.png,8
8_30_nocorners.png,8
8_31_nocorners.png,8
8_32_nocorners.png,8
8_33_nocorners.png,8
8_34_nocorners.png,8
8_35_nocorners.png,8
8_36_nocorners.png,8
8_37_nocorners.png,8
8_38_nocorners.png,8
8_39_nocorners.png,8
8_40_nocorners.png,8
8_41_nocorners.png,8
8_42_nocorners.png,8
8_43_nocorners.png,8
8_44_nocorners.png,8
8_45_nocorners.png,8
8_46_nocorners.png,8
8_47_nocorners.png,8
8_48_nocorners.png,8
8_49_nocorners.png,8
8_50_nocorners.png,8
8_51_nocorners.png,8
8_52_nocorners.png,8
8_53_nocorners.png,8
8_54_nocorners.png,8
8_55_nocorners.png,8
8_56_nocorners.png,8
8_57_nocorners.png,8
8_58_nocorners.png,8
8_59_nocorners.png,8
8_60_nocorners.png,8
8_61_nocorners.png,8
8_62_nocorners.png,8
8_63_nocorners.png,8
8_64_nocorners.png,8
8_65_nocorners.png,8
8_66_nocorners.png,8
8_67_nocorners.png,8
8_68_nocorners.png,8
8_69_nocorners.png,8
8_70_nocorners.png,8
8_71_nocorners.png,8
8_72_nocorners.png,8
8_73_nocorners.png,8
8_74_nocorners.png,8
8_75_nocorners.png,8
8_76_nocorners.png,8
8_77_nocorners.png,8
8_78_nocorners.png,8
8_79_nocorners.png,8
8_80_nocorners.png,8
8_81_nocorners.png,8
8_82_nocorners.png,8
8_83_nocorners.png,8
8_84_nocorners.png,8
8_85_nocorners.png,8
8_86_nocorners.png,8
8_87_nocorners.png,8
8_88_nocorners.png,8
8_89_nocorners.png,8
8_90_nocorners.png,8
8_91_nocorners.png,8
8_92_nocorners.png,8
8_93_nocorners.png,8
8_94_nocorners.png,8
8_95_nocorners.png,8
8_96_nocorners.png,8
8_97_nocorners.png,8
8_98_nocorners.png,8
8_99_nocorners.png,8
